679	Background Vocals,Creatively Sung Vocals,Nonsense Vocals (lead and/or background)	Intro
679	Background Vocals,Creatively Sung Vocals,Repeat/Call and Response Vocals,Nonsense Vocals (lead and/or background)	Verse 1
679	Background Vocals,Creatively Sung Vocals,Nonsense Vocals (lead and/or background)	Chorus 1
679	Background Vocals,Creatively Sung Vocals,Nonsense Vocals (lead and/or background),Pitch-Processed Vocal	Outro
679	Background Vocals,Creatively Sung Vocals,Nonsense Vocals (lead and/or background)	Verse 2
679	Background Vocals,Creatively Sung Vocals,Nonsense Vocals (lead and/or background)	Verse 3
679	Background Vocals,Creatively Sung Vocals,Nonsense Vocals (lead and/or background)	Chorus 2
679	Background Vocals,Creatively Sung Vocals,Nonsense Vocals (lead and/or background)	Chorus 3
Hands To Myself	Background Vocals,Nonsense Vocals (lead and/or background)	Verse 1
Hands To Myself	Creatively Sung Vocals,Repeat/Call and Response Vocals,Nonsense Vocals (lead and/or background)	Pre-Chorus 1
Hands To Myself	Background Vocals,Repeat/Call and Response Vocals,Nonsense Vocals (lead and/or background)	Chorus 1
Hands To Myself	Background Vocals,Repeat/Call and Response Vocals,Nonsense Vocals (lead and/or background)	Bridge 1
Hands To Myself	Background Vocals,Creatively Sung Vocals,Nonsense Vocals (lead and/or background)	Verse 2
Hands To Myself	Background Vocals,Creatively Sung Vocals,Repeat/Call and Response Vocals,Nonsense Vocals (lead and/or background)	Pre-Chorus 2
Hands To Myself	Background Vocals,Creatively Sung Vocals,Repeat/Call and Response Vocals,Nonsense Vocals (lead and/or background)	Chorus 2
Hands To Myself	Background Vocals,Creatively Sung Vocals,Repeat/Call and Response Vocals,Nonsense Vocals (lead and/or background)	Chorus 3
I Took A Pill In Ibiza (Seeb Remix)	Background Vocals,Creatively Sung Vocals,Repeat/Call and Response Vocals	Pre-Chorus 1
I Took A Pill In Ibiza (Seeb Remix)	Background Vocals,Creatively Sung Vocals,Repeat/Call and Response Vocals,Nonsense Vocals (lead and/or background)	Chorus 1
I Took A Pill In Ibiza (Seeb Remix)	Background Vocals,Repeat/Call and Response Vocals,Nonsense Vocals (lead and/or background),Pitch-Processed Vocal	Inst. Break 1
I Took A Pill In Ibiza (Seeb Remix)	Background Vocals,Repeat/Call and Response Vocals	Pre-Chorus 2
I Took A Pill In Ibiza (Seeb Remix)	Background Vocals,Repeat/Call and Response Vocals,Nonsense Vocals (lead and/or background)	Chorus 2
I Took A Pill In Ibiza (Seeb Remix)	Background Vocals,Repeat/Call and Response Vocals,Nonsense Vocals (lead and/or background),Pitch-Processed Vocal	Inst. Break 2
Ain't It Fun	Background Vocals,Repeat/Call and Response Vocals,Nonsense Vocals (lead and/or background)	Pre-Chorus 1
Ain't It Fun	Background Vocals	Chorus 1
Ain't It Fun	Background Vocals,Creatively Sung Vocals,Repeat/Call and Response Vocals	Bridge 1
Ain't It Fun	Background Vocals,Creatively Sung Vocals,Repeat/Call and Response Vocals,Nonsense Vocals (lead and/or background)	Outro
Ain't It Fun	Background Vocals,Creatively Sung Vocals	Verse 2
Ain't It Fun	Background Vocals,Repeat/Call and Response Vocals,Nonsense Vocals (lead and/or background)	Pre-Chorus 2
Ain't It Fun	Background Vocals,Creatively Sung Vocals,Repeat/Call and Response Vocals,Nonsense Vocals (lead and/or background),Standout Title Vocal	Chorus 2
Ain't It Fun	Background Vocals,Creatively Sung Vocals,Repeat/Call and Response Vocals,Nonsense Vocals (lead and/or background),Standout Title Vocal	Chorus 3
All About That Bass	Background Vocals,Repeat/Call and Response Vocals,Nonsense Vocals (lead and/or background)	Verse 1
All About That Bass	Background Vocals,Repeat/Call and Response Vocals,Nonsense Vocals (lead and/or background)	Pre-Chorus 1
All About That Bass	Background Vocals,Creatively Sung Vocals,Repeat/Call and Response Vocals	Chorus 1
All About That Bass	Creatively Sung Vocals,Nonsense Vocals (lead and/or background)	Outro
All About That Bass	Background Vocals	Verse 2
All About That Bass	Background Vocals,Creatively Sung Vocals,Repeat/Call and Response Vocals,Nonsense Vocals (lead and/or background)	Pre-Chorus 2
All About That Bass	Background Vocals,Repeat/Call and Response Vocals	Chorus 2
All About That Bass	Background Vocals,Creatively Sung Vocals,Repeat/Call and Response Vocals,Nonsense Vocals (lead and/or background)	Chorus 3
All Of Me	Background Vocals,Creatively Sung Vocals,Standout Title Vocal,Pitch-Processed Vocal	Chorus 2
All Of Me	Background Vocals,Creatively Sung Vocals,Repeat/Call and Response Vocals,Standout Title Vocal,Pitch-Processed Vocal	Chorus 3
Animals 	Background Vocals,Creatively Sung Vocals,Nonsense Vocals (lead and/or background)	Verse 1
Animals 	Background Vocals,Nonsense Vocals (lead and/or background)	Pre-Chorus 1
Animals 	Background Vocals,Creatively Sung Vocals,Repeat/Call and Response Vocals,Nonsense Vocals (lead and/or background),Standout Title Vocal,Scream	Bridge 1
Animals 	Background Vocals,Creatively Sung Vocals,Nonsense Vocals (lead and/or background)	Verse 2
Animals 	Background Vocals,Nonsense Vocals (lead and/or background)	Pre-Chorus 2
Animals 	Background Vocals,Creatively Sung Vocals,Repeat/Call and Response Vocals,Nonsense Vocals (lead and/or background),Standout Title Vocal	Chorus 3
Animals 	Background Vocals,Creatively Sung Vocals,Repeat/Call and Response Vocals,Nonsense Vocals (lead and/or background),Standout Title Vocal	Chorus 4
Bad Blood	Background Vocals	Verse 1
Bad Blood	Background Vocals,Nonsense Vocals (lead and/or background)	Chorus 1
Bad Blood	Background Vocals,Nonsense Vocals (lead and/or background)	Bridge 1
Bad Blood	Background Vocals	Verse 2
Bad Blood	Background Vocals,Nonsense Vocals (lead and/or background)	Chorus 2
Bad Blood	Background Vocals,Nonsense Vocals (lead and/or background)	Chorus 3
Bad Blood	Background Vocals,Nonsense Vocals (lead and/or background)	Chorus 4
Bang Bang	Background Vocals,Nonsense Vocals (lead and/or background)	Verse 1
Bang Bang	Background Vocals,Creatively Sung Vocals,Nonsense Vocals (lead and/or background)	Pre-Chorus 1
Bang Bang	Background Vocals,Creatively Sung Vocals,Repeat/Call and Response Vocals,Nonsense Vocals (lead and/or background)	Chorus 1
Bang Bang	Background Vocals,Creatively Sung Vocals,Nonsense Vocals (lead and/or background)	Bridge 1
Bang Bang	Background Vocals,Creatively Sung Vocals,Nonsense Vocals (lead and/or background)	Verse 2
Bang Bang	Background Vocals,Creatively Sung Vocals,Nonsense Vocals (lead and/or background)	Pre-Chorus 2
Bang Bang	Background Vocals,Creatively Sung Vocals,Scream	Pre-Chorus 3
Bang Bang	Background Vocals,Creatively Sung Vocals,Repeat/Call and Response Vocals,Nonsense Vocals (lead and/or background),Narration	Chorus 2
Bang Bang	Background Vocals,Creatively Sung Vocals,Repeat/Call and Response Vocals,Nonsense Vocals (lead and/or background)	Chorus 3
Blank Space	Background Vocals,Creatively Sung Vocals,Nonsense Vocals (lead and/or background)	Chorus 1
Blank Space	Background Vocals,Repeat/Call and Response Vocals,Scream	Bridge 1
Blank Space	Background Vocals,Creatively Sung Vocals,Nonsense Vocals (lead and/or background)	Verse 2
Blank Space	Background Vocals,Creatively Sung Vocals,Nonsense Vocals (lead and/or background)	Chorus 2
Blank Space	Background Vocals,Creatively Sung Vocals,Nonsense Vocals (lead and/or background)	Chorus 3
Boom Clap	Background Vocals,Creatively Sung Vocals,Repeat/Call and Response Vocals	Chorus 1
Boom Clap	Background Vocals,Creatively Sung Vocals,Repeat/Call and Response Vocals	Chorus 2
Boom Clap	Background Vocals,Creatively Sung Vocals,Repeat/Call and Response Vocals,Nonsense Vocals (lead and/or background)	Chorus 3
Dark Horse	Background Vocals,Repeat/Call and Response Vocals,Nonsense Vocals (lead and/or background)	Verse 1
Dark Horse	Background Vocals,Repeat/Call and Response Vocals	Pre-Chorus 1
Dark Horse	Background Vocals,Repeat/Call and Response Vocals,Nonsense Vocals (lead and/or background),Pitch-Processed Vocal	Chorus 1
Dark Horse	Background Vocals,Repeat/Call and Response Vocals,Nonsense Vocals (lead and/or background)	Bridge 1
Dark Horse	Background Vocals,Repeat/Call and Response Vocals,Nonsense Vocals (lead and/or background)	Verse 2
Dark Horse	Background Vocals,Repeat/Call and Response Vocals,Nonsense Vocals (lead and/or background)	Pre-Chorus 2
Dark Horse	Background Vocals,Repeat/Call and Response Vocals,Nonsense Vocals (lead and/or background),Narration,Pitch-Processed Vocal	Chorus 2
Dark Horse	Background Vocals,Creatively Sung Vocals,Repeat/Call and Response Vocals,Nonsense Vocals (lead and/or background),Pitch-Processed Vocal	Chorus 3
Drag Me Down	Nonsense Vocals (lead and/or background)	Pre-Chorus 1
Drag Me Down	Background Vocals,Repeat/Call and Response Vocals,Nonsense Vocals (lead and/or background)	Chorus 1
Drag Me Down	Background Vocals	Verse 2
Drag Me Down	Background Vocals,Repeat/Call and Response Vocals,Nonsense Vocals (lead and/or background)	Pre-Chorus 2
Drag Me Down	Background Vocals,Repeat/Call and Response Vocals,Nonsense Vocals (lead and/or background)	Chorus 2
Drag Me Down	Background Vocals,Creatively Sung Vocals,Repeat/Call and Response Vocals,Nonsense Vocals (lead and/or background)	Chorus 3
Earned It	Background Vocals,Creatively Sung Vocals,Repeat/Call and Response Vocals,Nonsense Vocals (lead and/or background)	Verse 1
Earned It	Creatively Sung Vocals,Repeat/Call and Response Vocals,Nonsense Vocals (lead and/or background)	Pre-Chorus 1
Earned It	Creatively Sung Vocals,Repeat/Call and Response Vocals,Nonsense Vocals (lead and/or background),Standout Title Vocal	Chorus 1
Earned It	Background Vocals,Creatively Sung Vocals,Repeat/Call and Response Vocals,Nonsense Vocals (lead and/or background)	Bridge 1
Earned It	Creatively Sung Vocals,Nonsense Vocals (lead and/or background)	Outro
Earned It	Background Vocals,Creatively Sung Vocals,Repeat/Call and Response Vocals,Nonsense Vocals (lead and/or background)	Verse 2
Earned It	Creatively Sung Vocals,Repeat/Call and Response Vocals,Nonsense Vocals (lead and/or background)	Pre-Chorus 2
Earned It	Background Vocals,Creatively Sung Vocals,Repeat/Call and Response Vocals,Nonsense Vocals (lead and/or background)	Chorus 2
Earned It	Background Vocals,Creatively Sung Vocals,Repeat/Call and Response Vocals,Nonsense Vocals (lead and/or background)	Chorus 3
Ex's And Oh's	Nonsense Vocals (lead and/or background)	Verse 1
Fight Song	Background Vocals,Repeat/Call and Response Vocals	Verse 1
Fight Song	Background Vocals,Nonsense Vocals (lead and/or background)	Pre-Chorus 1
Fight Song	Background Vocals,Creatively Sung Vocals,Nonsense Vocals (lead and/or background)	Chorus 1
Fight Song	Background Vocals,Repeat/Call and Response Vocals	Verse 2
Fight Song	Background Vocals,Nonsense Vocals (lead and/or background)	Pre-Chorus 2
Fight Song	Background Vocals,Creatively Sung Vocals,Nonsense Vocals (lead and/or background)	Chorus 2
Fight Song	Background Vocals,Creatively Sung Vocals,Repeat/Call and Response Vocals,Nonsense Vocals (lead and/or background)	Chorus 3
Focus	Creatively Sung Vocals,Nonsense Vocals (lead and/or background)	Intro
Focus	Background Vocals	Verse 1
Focus	Background Vocals,Nonsense Vocals (lead and/or background)	Pre-Chorus 1
Focus	Background Vocals,Creatively Sung Vocals,Repeat/Call and Response Vocals,Nonsense Vocals (lead and/or background),Standout Title Vocal	Chorus 1
Focus	Background Vocals,Creatively Sung Vocals,Repeat/Call and Response Vocals,Nonsense Vocals (lead and/or background),Standout Title Vocal	Outro
Focus	Background Vocals,Creatively Sung Vocals,Nonsense Vocals (lead and/or background)	Inst. Break 1
Focus	Background Vocals,Nonsense Vocals (lead and/or background)	Verse 2
Focus	Background Vocals,Creatively Sung Vocals,Repeat/Call and Response Vocals,Nonsense Vocals (lead and/or background)	Pre-Chorus 2
Focus	Background Vocals,Creatively Sung Vocals,Repeat/Call and Response Vocals,Nonsense Vocals (lead and/or background)	Pre-Chorus 3
Focus	Background Vocals,Creatively Sung Vocals,Repeat/Call and Response Vocals,Nonsense Vocals (lead and/or background),Standout Title Vocal	Chorus 2
Focus	Background Vocals,Creatively Sung Vocals,Repeat/Call and Response Vocals,Nonsense Vocals (lead and/or background),Standout Title Vocal	Chorus 3
FourFiveSeconds	Background Vocals	Chorus 1
FourFiveSeconds	Background Vocals,Creatively Sung Vocals,Nonsense Vocals (lead and/or background),Pitch-Processed Vocal	Bridge 1
FourFiveSeconds	Background Vocals,Pitch-Processed Vocal	Verse 2
FourFiveSeconds	Background Vocals,Nonsense Vocals (lead and/or background),Pitch-Processed Vocal	Verse 3
FourFiveSeconds	Background Vocals,Creatively Sung Vocals,Nonsense Vocals (lead and/or background)	Pre-Chorus 2
FourFiveSeconds	Background Vocals	Chorus 2
FourFiveSeconds	Background Vocals,Nonsense Vocals (lead and/or background)	Chorus 3
G.D.F.R.	Background Vocals,Repeat/Call and Response Vocals,Pitch-Processed Vocal	Verse 1
G.D.F.R.	Background Vocals,Repeat/Call and Response Vocals,Nonsense Vocals (lead and/or background),Pitch-Processed Vocal	Bridge 1
G.D.F.R.	Background Vocals,Repeat/Call and Response Vocals	Verse 2
G.D.F.R.	Background Vocals,Repeat/Call and Response Vocals	Chorus 2
G.D.F.R.	Background Vocals,Repeat/Call and Response Vocals,Nonsense Vocals (lead and/or background)	Chorus 3
G.D.F.R.	Background Vocals,Repeat/Call and Response Vocals,Nonsense Vocals (lead and/or background)	Chorus 4
Good For You	Background Vocals,Repeat/Call and Response Vocals,Nonsense Vocals (lead and/or background)	Verse 1
Good For You	Background Vocals,Creatively Sung Vocals,Repeat/Call and Response Vocals,Nonsense Vocals (lead and/or background),Standout Title Vocal	Chorus 1
Good For You	Creatively Sung Vocals,Repeat/Call and Response Vocals,Nonsense Vocals (lead and/or background)	Outro
Good For You	Background Vocals,Nonsense Vocals (lead and/or background)	Vocal Break 1
Good For You	Background Vocals,Repeat/Call and Response Vocals,Nonsense Vocals (lead and/or background)	Verse 2
Good For You	Background Vocals,Creatively Sung Vocals,Repeat/Call and Response Vocals,Nonsense Vocals (lead and/or background),Standout Title Vocal	Chorus 2
Good For You	Background Vocals,Creatively Sung Vocals,Repeat/Call and Response Vocals,Nonsense Vocals (lead and/or background),Standout Title Vocal	Chorus 3
Good For You	Background Vocals,Repeat/Call and Response Vocals,Nonsense Vocals (lead and/or background),Laugh,Pitch-Processed Vocal	Bridge 2
Happy	Background Vocals,Nonsense Vocals (lead and/or background)	Verse 1
Happy	Background Vocals,Creatively Sung Vocals,Repeat/Call and Response Vocals,Standout Title Vocal	Chorus 1
Happy	Background Vocals,Repeat/Call and Response Vocals,Nonsense Vocals (lead and/or background)	Bridge 1
Happy	Background Vocals,Nonsense Vocals (lead and/or background)	Verse 2
Happy	Background Vocals,Creatively Sung Vocals,Repeat/Call and Response Vocals,Nonsense Vocals (lead and/or background),Standout Title Vocal	Chorus 2
Happy	Background Vocals,Creatively Sung Vocals,Repeat/Call and Response Vocals,Nonsense Vocals (lead and/or background),Standout Title Vocal	Chorus 3
Happy	Background Vocals,Creatively Sung Vocals,Repeat/Call and Response Vocals,Nonsense Vocals (lead and/or background),Standout Title Vocal	Chorus 4
Happy	Background Vocals,Repeat/Call and Response Vocals	Bridge 2
Here	Background Vocals,Creatively Sung Vocals,Nonsense Vocals (lead and/or background)	Verse 1
Here	Background Vocals,Creatively Sung Vocals,Nonsense Vocals (lead and/or background)	Pre-Chorus 1
Here	Background Vocals,Creatively Sung Vocals,Repeat/Call and Response Vocals,Nonsense Vocals (lead and/or background)	Chorus 1
Here	Background Vocals,Creatively Sung Vocals	Bridge 1
Here	Background Vocals,Repeat/Call and Response Vocals,Nonsense Vocals (lead and/or background)	Outro
Here	Background Vocals,Nonsense Vocals (lead and/or background)	Verse 2
Here	Background Vocals,Creatively Sung Vocals,Nonsense Vocals (lead and/or background)	Pre-Chorus 2
Here	Background Vocals,Creatively Sung Vocals,Repeat/Call and Response Vocals,Nonsense Vocals (lead and/or background)	Chorus 2
Here	Background Vocals,Creatively Sung Vocals,Repeat/Call and Response Vocals,Nonsense Vocals (lead and/or background)	Chorus 3
Hey Mama	Background Vocals,Repeat/Call and Response Vocals	Pre-Chorus 1
Hey Mama	Background Vocals,Creatively Sung Vocals,Repeat/Call and Response Vocals,Nonsense Vocals (lead and/or background)	Chorus 2
Honey,I'm Good	Background Vocals	Verse 1
Honey,I'm Good	Background Vocals	Pre-Chorus 1
Honey,I'm Good	Background Vocals,Repeat/Call and Response Vocals	Chorus 1
Honey,I'm Good	Background Vocals,Creatively Sung Vocals,Repeat/Call and Response Vocals,Nonsense Vocals (lead and/or background)	Bridge 1
Honey,I'm Good	Background Vocals,Creatively Sung Vocals,Repeat/Call and Response Vocals,Nonsense Vocals (lead and/or background)	Outro
Honey,I'm Good	Background Vocals,Creatively Sung Vocals,Repeat/Call and Response Vocals,Nonsense Vocals (lead and/or background)	Vocal Break 1
Honey,I'm Good	Background Vocals,Nonsense Vocals (lead and/or background)	Verse 2
Honey,I'm Good	Background Vocals	Pre-Chorus 2
Honey,I'm Good	Background Vocals,Repeat/Call and Response Vocals,Nonsense Vocals (lead and/or background)	Chorus 2
Honey,I'm Good	Background Vocals,Repeat/Call and Response Vocals,Nonsense Vocals (lead and/or background)	Chorus 3
Honey,I'm Good	Background Vocals,Repeat/Call and Response Vocals,Nonsense Vocals (lead and/or background)	Chorus 4
Honey,I'm Good	Background Vocals,Creatively Sung Vocals,Repeat/Call and Response Vocals,Nonsense Vocals (lead and/or background)	Vocal Break 2
Honey,I'm Good	Background Vocals,Creatively Sung Vocals,Repeat/Call and Response Vocals,Nonsense Vocals (lead and/or background)	Vocal Break 3
Hotline Bling	Repeat/Call and Response Vocals,Nonsense Vocals (lead and/or background)	Intro
Hotline Bling	Repeat/Call and Response Vocals,Nonsense Vocals (lead and/or background)	Bridge 1
Hotline Bling	Background Vocals,Repeat/Call and Response Vocals,Nonsense Vocals (lead and/or background)	Chorus 2
Hotline Bling	Background Vocals,Repeat/Call and Response Vocals,Nonsense Vocals (lead and/or background)	Chorus 4
Lean On	Background Vocals	Verse 1
Lean On	Background Vocals,Creatively Sung Vocals	Pre-Chorus 1
Lean On	Background Vocals,Creatively Sung Vocals,Repeat/Call and Response Vocals,Nonsense Vocals (lead and/or background),Pitch-Processed Vocal	Chorus 1
Lean On	Background Vocals,Repeat/Call and Response Vocals,Nonsense Vocals (lead and/or background),Pitch-Processed Vocal	Inst. Break 1
Lean On	Background Vocals,Nonsense Vocals (lead and/or background)	Verse 2
Lean On	Background Vocals	Pre-Chorus 2
Lean On	Background Vocals,Creatively Sung Vocals,Repeat/Call and Response Vocals,Nonsense Vocals (lead and/or background),Pitch-Processed Vocal	Chorus 2
Lean On	Background Vocals,Creatively Sung Vocals,Repeat/Call and Response Vocals,Nonsense Vocals (lead and/or background)	Chorus 3
Lean On	Background Vocals,Creatively Sung Vocals,Repeat/Call and Response Vocals,Nonsense Vocals (lead and/or background),Pitch-Processed Vocal	Inst. Break 2
Lean On	Background Vocals,Repeat/Call and Response Vocals,Nonsense Vocals (lead and/or background),Pitch-Processed Vocal	Inst. Break 3
Lean On	Background Vocals,Repeat/Call and Response Vocals,Nonsense Vocals (lead and/or background)	Turnaround 1
Like I'm Gonna Lose You	Background Vocals,Creatively Sung Vocals,Nonsense Vocals (lead and/or background)	Verse 1
Like I'm Gonna Lose You	Background Vocals,Creatively Sung Vocals,Repeat/Call and Response Vocals,Nonsense Vocals (lead and/or background)	Chorus 1
Like I'm Gonna Lose You	Nonsense Vocals (lead and/or background)	Inst. Break 1
Like I'm Gonna Lose You	Background Vocals,Creatively Sung Vocals,Nonsense Vocals (lead and/or background)	Verse 2
Like I'm Gonna Lose You	Background Vocals,Creatively Sung Vocals,Repeat/Call and Response Vocals	Pre-Chorus 2
Like I'm Gonna Lose You	Background Vocals,Creatively Sung Vocals,Repeat/Call and Response Vocals,Nonsense Vocals (lead and/or background)	Chorus 2
Like I'm Gonna Lose You	Background Vocals,Creatively Sung Vocals,Repeat/Call and Response Vocals,Nonsense Vocals (lead and/or background)	Chorus 3
Locked Away	Background Vocals,Creatively Sung Vocals,Repeat/Call and Response Vocals,Nonsense Vocals (lead and/or background)	Verse 1
Locked Away	Background Vocals,Repeat/Call and Response Vocals,Nonsense Vocals (lead and/or background)	Pre-Chorus 1
Locked Away	Background Vocals,Nonsense Vocals (lead and/or background)	Chorus 1
Locked Away	Background Vocals,Repeat/Call and Response Vocals,Nonsense Vocals (lead and/or background)	Bridge 1
Locked Away	Background Vocals,Nonsense Vocals (lead and/or background)	Verse 2
Locked Away	Background Vocals,Repeat/Call and Response Vocals,Nonsense Vocals (lead and/or background)	Pre-Chorus 2
Locked Away	Background Vocals,Nonsense Vocals (lead and/or background)	Chorus 2
Locked Away	Background Vocals,Nonsense Vocals (lead and/or background)	Chorus 3
Locked Away	Background Vocals,Nonsense Vocals (lead and/or background)	Chorus 4
Locked Away	Background Vocals,Repeat/Call and Response Vocals,Nonsense Vocals (lead and/or background)	Turnaround 1
Locked Away	Repeat/Call and Response Vocals,Nonsense Vocals (lead and/or background)	Turnaround 2
Love Me Like You Do	Background Vocals,Creatively Sung Vocals,Repeat/Call and Response Vocals,Standout Title Vocal	Chorus 1
Love Me Like You Do	Nonsense Vocals (lead and/or background)	Outro
Love Me Like You Do	Repeat/Call and Response Vocals,Nonsense Vocals (lead and/or background)	Verse 2
Love Me Like You Do	Background Vocals,Creatively Sung Vocals,Repeat/Call and Response Vocals,Nonsense Vocals (lead and/or background),Standout Title Vocal	Chorus 2
Love Me Like You Do	Background Vocals,Creatively Sung Vocals,Repeat/Call and Response Vocals,Nonsense Vocals (lead and/or background),Standout Title Vocal	Chorus 3
Love Me Like You Do	Nonsense Vocals (lead and/or background)	Turnaround 1
Love Yourself	Background Vocals	Pre-Chorus 1
Love Yourself	Background Vocals	Chorus 1
Love Yourself	Nonsense Vocals (lead and/or background)	Inst. Break 1
Love Yourself	Background Vocals	Pre-Chorus 2
Love Yourself	Background Vocals	Chorus 2
Love Yourself	Background Vocals,Creatively Sung Vocals,Repeat/Call and Response Vocals,Nonsense Vocals (lead and/or background)	Chorus 3
My Way	Background Vocals,Nonsense Vocals (lead and/or background)	Intro
My Way	Background Vocals,Repeat/Call and Response Vocals,Nonsense Vocals (lead and/or background)	Verse 1
My Way	Background Vocals,Repeat/Call and Response Vocals,Nonsense Vocals (lead and/or background)	Chorus 1
My Way	Background Vocals,Repeat/Call and Response Vocals	Verse 2
My Way	Background Vocals,Repeat/Call and Response Vocals,Nonsense Vocals (lead and/or background)	Chorus 2
Perfect	Background Vocals,Nonsense Vocals (lead and/or background)	Verse 1
Perfect	Background Vocals	Pre-Chorus 1
Perfect	Background Vocals,Repeat/Call and Response Vocals	Chorus 1
Perfect	Background Vocals,Repeat/Call and Response Vocals,Nonsense Vocals (lead and/or background)	Bridge 1
Perfect	Background Vocals,Nonsense Vocals (lead and/or background)	Verse 2
Perfect	Background Vocals	Pre-Chorus 2
Perfect	Background Vocals,Repeat/Call and Response Vocals	Chorus 2
Perfect	Background Vocals,Repeat/Call and Response Vocals	Chorus 3
Photograph	Background Vocals,Creatively Sung Vocals,Nonsense Vocals (lead and/or background)	Pre-Chorus 1
Photograph	Background Vocals	Chorus 1
Photograph	Background Vocals,Repeat/Call and Response Vocals,Nonsense Vocals (lead and/or background)	Bridge 1
Photograph	Background Vocals,Creatively Sung Vocals,Nonsense Vocals (lead and/or background)	Verse 2
Photograph	Background Vocals,Creatively Sung Vocals,Nonsense Vocals (lead and/or background)	Pre-Chorus 2
Photograph	Background Vocals	Chorus 2
Photograph	Background Vocals,Creatively Sung Vocals,Nonsense Vocals (lead and/or background)	Chorus 3
See You Again	Background Vocals,Repeat/Call and Response Vocals,Nonsense Vocals (lead and/or background),Pitch-Processed Vocal	Verse 1
See You Again	Background Vocals,Nonsense Vocals (lead and/or background)	Pre-Chorus 1
See You Again	Background Vocals,Creatively Sung Vocals,Repeat/Call and Response Vocals,Nonsense Vocals (lead and/or background)	Bridge 1
See You Again	Background Vocals,Creatively Sung Vocals,Repeat/Call and Response Vocals,Nonsense Vocals (lead and/or background)	Outro
See You Again	Background Vocals,Creatively Sung Vocals,Repeat/Call and Response Vocals,Nonsense Vocals (lead and/or background)	Vocal Break 1
See You Again	Background Vocals,Repeat/Call and Response Vocals,Nonsense Vocals (lead and/or background),Pitch-Processed Vocal	Verse 2
See You Again	Background Vocals	Pre-Chorus 2
Shake It Off	Creatively Sung Vocals,Repeat/Call and Response Vocals,Nonsense Vocals (lead and/or background),Laugh	Verse 1
Shake It Off	Background Vocals,Creatively Sung Vocals,Repeat/Call and Response Vocals,Nonsense Vocals (lead and/or background)	Chorus 1
Shake It Off	Background Vocals,Repeat/Call and Response Vocals,Nonsense Vocals (lead and/or background),Pitch-Processed Vocal	Bridge 1
Shake It Off	Background Vocals,Creatively Sung Vocals,Repeat/Call and Response Vocals	Verse 2
Shake It Off	Background Vocals	Pre-Chorus 2
Shake It Off	Background Vocals,Creatively Sung Vocals,Repeat/Call and Response Vocals,Nonsense Vocals (lead and/or background)	Chorus 2
Shake It Off	Background Vocals,Creatively Sung Vocals,Repeat/Call and Response Vocals,Nonsense Vocals (lead and/or background)	Chorus 3
Shut Up And Dance	Background Vocals,Creatively Sung Vocals,Nonsense Vocals (lead and/or background)	Chorus 1
Shut Up And Dance	Background Vocals,Creatively Sung Vocals,Repeat/Call and Response Vocals,Nonsense Vocals (lead and/or background)	Outro
Shut Up And Dance	Background Vocals	Pre-Chorus 2
Shut Up And Dance	Background Vocals	Pre-Chorus 3
Shut Up And Dance	Background Vocals,Creatively Sung Vocals,Nonsense Vocals (lead and/or background)	Chorus 2
Shut Up And Dance	Background Vocals,Creatively Sung Vocals,Nonsense Vocals (lead and/or background)	Chorus 3
Shut Up And Dance	Background Vocals,Creatively Sung Vocals,Nonsense Vocals (lead and/or background)	Chorus 4
Somebody	Background Vocals,Creatively Sung Vocals	Intro
Somebody	Background Vocals,Creatively Sung Vocals,Repeat/Call and Response Vocals,Nonsense Vocals (lead and/or background)	Pre-Chorus 1
Somebody	Background Vocals,Creatively Sung Vocals,Repeat/Call and Response Vocals,Nonsense Vocals (lead and/or background)	Chorus 1
Somebody	Background Vocals,Creatively Sung Vocals,Repeat/Call and Response Vocals,Nonsense Vocals (lead and/or background)	Bridge 1
Somebody	Background Vocals,Creatively Sung Vocals,Repeat/Call and Response Vocals,Nonsense Vocals (lead and/or background)	Pre-Chorus 2
Somebody	Background Vocals,Creatively Sung Vocals,Repeat/Call and Response Vocals,Nonsense Vocals (lead and/or background)	Pre-Chorus 3
Somebody	Background Vocals,Creatively Sung Vocals,Repeat/Call and Response Vocals,Nonsense Vocals (lead and/or background)	Chorus 2
Somebody	Background Vocals,Creatively Sung Vocals,Repeat/Call and Response Vocals,Nonsense Vocals (lead and/or background)	Chorus 3
Somebody	Background Vocals,Creatively Sung Vocals,Repeat/Call and Response Vocals,Nonsense Vocals (lead and/or background)	Chorus 4
Sorry	Creatively Sung Vocals,Repeat/Call and Response Vocals,Nonsense Vocals (lead and/or background),Pitch-Processed Vocal	Intro
Sorry	Background Vocals,Nonsense Vocals (lead and/or background),Pitch-Processed Vocal	Verse 1
Sorry	Creatively Sung Vocals,Nonsense Vocals (lead and/or background),Standout Title Vocal	Pre-Chorus 1
Sorry	Background Vocals,Creatively Sung Vocals,Repeat/Call and Response Vocals,Nonsense Vocals (lead and/or background),Standout Title Vocal,Pitch-Processed Vocal	Chorus 1
Sorry	Background Vocals,Nonsense Vocals (lead and/or background),Pitch-Processed Vocal	Verse 2
Sorry	Background Vocals,Creatively Sung Vocals,Repeat/Call and Response Vocals,Nonsense Vocals (lead and/or background),Standout Title Vocal	Pre-Chorus 2
Sorry	Background Vocals,Creatively Sung Vocals,Repeat/Call and Response Vocals,Nonsense Vocals (lead and/or background),Standout Title Vocal,Pitch-Processed Vocal	Chorus 2
Sorry	Creatively Sung Vocals,Repeat/Call and Response Vocals,Nonsense Vocals (lead and/or background),Pitch-Processed Vocal	Turnaround 1
Stitches	Background Vocals	Pre-Chorus 1
Stitches	Background Vocals,Nonsense Vocals (lead and/or background)	Chorus 1
Stitches	Background Vocals,Repeat/Call and Response Vocals	Bridge 1
Stitches	Background Vocals	Verse 2
Stitches	Background Vocals	Pre-Chorus 2
Stitches	Background Vocals,Nonsense Vocals (lead and/or background)	Chorus 2
Stitches	Background Vocals,Repeat/Call and Response Vocals,Nonsense Vocals (lead and/or background)	Chorus 3
Style	Background Vocals,Repeat/Call and Response Vocals	Verse 1
Style	Background Vocals	Pre-Chorus 1
Style	Background Vocals,Repeat/Call and Response Vocals	Chorus 1
Style	Background Vocals,Repeat/Call and Response Vocals,Nonsense Vocals (lead and/or background)	Bridge 1
Style	Background Vocals,Nonsense Vocals (lead and/or background)	Verse 2
Style	Background Vocals	Pre-Chorus 2
Style	Background Vocals,Repeat/Call and Response Vocals	Chorus 2
Style	Background Vocals,Repeat/Call and Response Vocals,Nonsense Vocals (lead and/or background)	Chorus 3
Sugar	Nonsense Vocals (lead and/or background)	Intro
Sugar	Background Vocals,Creatively Sung Vocals,Nonsense Vocals (lead and/or background)	Pre-Chorus 1
Sugar	Background Vocals,Creatively Sung Vocals,Nonsense Vocals (lead and/or background)	Chorus 1
Sugar	Background Vocals,Nonsense Vocals (lead and/or background)	Bridge 1
Sugar	Creatively Sung Vocals,Nonsense Vocals (lead and/or background),Laugh	Outro
Sugar	Background Vocals,Repeat/Call and Response Vocals	Verse 2
Sugar	Background Vocals,Creatively Sung Vocals,Nonsense Vocals (lead and/or background)	Pre-Chorus 2
Sugar	Background Vocals,Creatively Sung Vocals,Repeat/Call and Response Vocals,Nonsense Vocals (lead and/or background)	Chorus 2
Sugar	Background Vocals,Creatively Sung Vocals,Repeat/Call and Response Vocals,Nonsense Vocals (lead and/or background)	Chorus 3
Sugar	Background Vocals,Creatively Sung Vocals,Repeat/Call and Response Vocals,Nonsense Vocals (lead and/or background)	Chorus 4
The Hills	Repeat/Call and Response Vocals,Nonsense Vocals (lead and/or background)	Intro
The Hills	Background Vocals,Creatively Sung Vocals	Verse 1
The Hills	Background Vocals,Creatively Sung Vocals,Repeat/Call and Response Vocals,Scream	Chorus 1
The Hills	Background Vocals,Creatively Sung Vocals,Repeat/Call and Response Vocals	Bridge 1
The Hills	Background Vocals,Repeat/Call and Response Vocals,Scream	Chorus 2
The Hills	Background Vocals,Creatively Sung Vocals,Repeat/Call and Response Vocals,Nonsense Vocals (lead and/or background)	Chorus 3
Thinking Out Loud	Nonsense Vocals (lead and/or background)	Inst. Break 1
Thinking Out Loud	Background Vocals,Creatively Sung Vocals	Verse 2
Thinking Out Loud	Background Vocals,Creatively Sung Vocals	Pre-Chorus 2
Thinking Out Loud	Background Vocals,Creatively Sung Vocals,Nonsense Vocals (lead and/or background),Standout Title Vocal	Chorus 2
Thinking Out Loud	Background Vocals,Creatively Sung Vocals,Repeat/Call and Response Vocals,Nonsense Vocals (lead and/or background),Standout Title Vocal	Chorus 3
Timber	Background Vocals	Intro
Timber	Background Vocals,Nonsense Vocals (lead and/or background)	Verse 1
Timber	Background Vocals,Repeat/Call and Response Vocals,Nonsense Vocals (lead and/or background)	Pre-Chorus 1
Timber	Background Vocals	Chorus 1
Timber	Background Vocals,Creatively Sung Vocals,Repeat/Call and Response Vocals,Nonsense Vocals (lead and/or background)	Vocal Break 1
Timber	Background Vocals	Verse 2
Timber	Background Vocals,Creatively Sung Vocals,Repeat/Call and Response Vocals,Nonsense Vocals (lead and/or background)	Pre-Chorus 2
Timber	Background Vocals,Repeat/Call and Response Vocals	Chorus 2
Timber	Background Vocals,Repeat/Call and Response Vocals	Chorus 3
Timber	Background Vocals,Creatively Sung Vocals,Repeat/Call and Response Vocals,Nonsense Vocals (lead and/or background)	Vocal Break 2
Timber	Background Vocals,Creatively Sung Vocals,Repeat/Call and Response Vocals,Nonsense Vocals (lead and/or background)	Vocal Break 3
Time Of Our Lives	Background Vocals,Creatively Sung Vocals,Repeat/Call and Response Vocals	Verse 1
Time Of Our Lives	Background Vocals,Creatively Sung Vocals,Repeat/Call and Response Vocals,Nonsense Vocals (lead and/or background)	Chorus 1
Time Of Our Lives	Background Vocals,Repeat/Call and Response Vocals,Nonsense Vocals (lead and/or background)	Bridge 1
Time Of Our Lives	Background Vocals,Creatively Sung Vocals	Verse 2
Time Of Our Lives	Background Vocals,Creatively Sung Vocals,Repeat/Call and Response Vocals,Nonsense Vocals (lead and/or background)	Chorus 2
Time Of Our Lives	Background Vocals,Creatively Sung Vocals,Repeat/Call and Response Vocals,Nonsense Vocals (lead and/or background)	Chorus 3
Time Of Our Lives	Background Vocals,Creatively Sung Vocals,Repeat/Call and Response Vocals,Nonsense Vocals (lead and/or background)	Chorus 4
Uptown Funk!	Nonsense Vocals (lead and/or background),Scream	Intro
Uptown Funk!	Background Vocals	Verse 1
Uptown Funk!	Background Vocals,Creatively Sung Vocals,Repeat/Call and Response Vocals,Nonsense Vocals (lead and/or background)	Pre-Chorus 1
Uptown Funk!	Background Vocals,Repeat/Call and Response Vocals,Nonsense Vocals (lead and/or background),Scream	Chorus 1
Uptown Funk!	Background Vocals,Creatively Sung Vocals,Repeat/Call and Response Vocals,Nonsense Vocals (lead and/or background)	Bridge 1
Uptown Funk!	Background Vocals,Creatively Sung Vocals,Repeat/Call and Response Vocals,Nonsense Vocals (lead and/or background),Scream	Outro
Uptown Funk!	Background Vocals	Verse 2
Uptown Funk!	Background Vocals,Creatively Sung Vocals,Repeat/Call and Response Vocals,Nonsense Vocals (lead and/or background)	Pre-Chorus 2
Uptown Funk!	Background Vocals,Repeat/Call and Response Vocals,Nonsense Vocals (lead and/or background),Scream	Chorus 2
Uptown Funk!	Background Vocals,Repeat/Call and Response Vocals,Nonsense Vocals (lead and/or background),Scream	Chorus 3
Want To Want Me	Background Vocals,Nonsense Vocals (lead and/or background)	Verse 1
Want To Want Me	Background Vocals,Repeat/Call and Response Vocals,Nonsense Vocals (lead and/or background),Pitch-Processed Vocal	Chorus 1
Want To Want Me	Background Vocals,Creatively Sung Vocals,Repeat/Call and Response Vocals,Nonsense Vocals (lead and/or background)	Verse 2
Want To Want Me	Background Vocals,Repeat/Call and Response Vocals,Nonsense Vocals (lead and/or background),Pitch-Processed Vocal	Chorus 2
Want To Want Me	Background Vocals,Repeat/Call and Response Vocals,Nonsense Vocals (lead and/or background)	Chorus 3
Watch Me	Background Vocals,Repeat/Call and Response Vocals	Intro
Watch Me	Background Vocals,Repeat/Call and Response Vocals	Verse 1
Watch Me	Background Vocals,Repeat/Call and Response Vocals,Nonsense Vocals (lead and/or background)	Pre-Chorus 1
Watch Me	Background Vocals,Repeat/Call and Response Vocals,Nonsense Vocals (lead and/or background)	Chorus 1
Watch Me	Background Vocals,Repeat/Call and Response Vocals	Verse 2
Watch Me	Background Vocals,Repeat/Call and Response Vocals	Verse 3
Watch Me	Background Vocals,Repeat/Call and Response Vocals,Nonsense Vocals (lead and/or background)	Verse 4
Watch Me	Background Vocals,Repeat/Call and Response Vocals,Nonsense Vocals (lead and/or background)	Pre-Chorus 2
Watch Me	Background Vocals,Repeat/Call and Response Vocals,Nonsense Vocals (lead and/or background)	Chorus 2
Watch Me	Background Vocals,Repeat/Call and Response Vocals,Nonsense Vocals (lead and/or background)	Chorus 3
Where Are U Now	Background Vocals,Repeat/Call and Response Vocals,Standout Title Vocal,Pitch-Processed Vocal	Verse 1
Where Are U Now	Background Vocals,Creatively Sung Vocals,Repeat/Call and Response Vocals,Nonsense Vocals (lead and/or background),Pitch-Processed Vocal	Inst. Break 1
Where Are U Now	Background Vocals,Creatively Sung Vocals,Repeat/Call and Response Vocals,Nonsense Vocals (lead and/or background),Pitch-Processed Vocal	Verse 2
Wiggle	Background Vocals,Laugh	Intro
Wiggle	Background Vocals	Verse 1
Wiggle	Background Vocals,Creatively Sung Vocals,Repeat/Call and Response Vocals,Nonsense Vocals (lead and/or background)	Chorus 1
Wiggle	Background Vocals,Nonsense Vocals (lead and/or background)	Bridge 1
Wiggle	Background Vocals,Repeat/Call and Response Vocals,Nonsense Vocals (lead and/or background)	Outro
Wiggle	Background Vocals	Verse 2
Wiggle	Background Vocals,Creatively Sung Vocals,Nonsense Vocals (lead and/or background)	Pre-Chorus 2
Wiggle	Background Vocals,Creatively Sung Vocals,Nonsense Vocals (lead and/or background)	Pre-Chorus 3
Wiggle	Background Vocals,Creatively Sung Vocals,Repeat/Call and Response Vocals,Nonsense Vocals (lead and/or background)	Chorus 2
Wiggle	Background Vocals,Creatively Sung Vocals,Repeat/Call and Response Vocals,Nonsense Vocals (lead and/or background)	Chorus 3
Wiggle	Background Vocals,Creatively Sung Vocals,Repeat/Call and Response Vocals,Nonsense Vocals (lead and/or background)	Chorus 4
Wiggle	Background Vocals,Creatively Sung Vocals,Repeat/Call and Response Vocals,Nonsense Vocals (lead and/or background)	Bridge 2
Wildest Dreams	Background Vocals,Creatively Sung Vocals	Pre-Chorus 1
Wildest Dreams	Background Vocals,Creatively Sung Vocals,Repeat/Call and Response Vocals,Nonsense Vocals (lead and/or background),Standout Title Vocal	Chorus 1
Wildest Dreams	Background Vocals,Repeat/Call and Response Vocals	Bridge 1
Wildest Dreams	Background Vocals	Verse 2
Wildest Dreams	Background Vocals,Creatively Sung Vocals	Pre-Chorus 2
Wildest Dreams	Background Vocals,Creatively Sung Vocals,Repeat/Call and Response Vocals,Nonsense Vocals (lead and/or background),Standout Title Vocal	Chorus 2
Wildest Dreams	Background Vocals,Creatively Sung Vocals,Repeat/Call and Response Vocals,Nonsense Vocals (lead and/or background),Standout Title Vocal	Chorus 3
Wrecking Ball	Background Vocals	Pre-Chorus 1
Wrecking Ball	Background Vocals,Nonsense Vocals (lead and/or background)	Verse 2
Wrecking Ball	Background Vocals	Pre-Chorus 2
Wrecking Ball	Background Vocals,Creatively Sung Vocals,Repeat/Call and Response Vocals,Nonsense Vocals (lead and/or background)	Chorus 3
Can't Feel My Face	Background Vocals,Creatively Sung Vocals,Repeat/Call and Response Vocals,Nonsense Vocals (lead and/or background)	Pre-Chorus 1
Can't Feel My Face	Creatively Sung Vocals,Nonsense Vocals (lead and/or background)	Outro
Can't Feel My Face	Creatively Sung Vocals,Nonsense Vocals (lead and/or background)	Vocal Break 1
Can't Feel My Face	Background Vocals,Creatively Sung Vocals,Repeat/Call and Response Vocals,Nonsense Vocals (lead and/or background)	Verse 2
Can't Feel My Face	Background Vocals,Creatively Sung Vocals,Repeat/Call and Response Vocals,Nonsense Vocals (lead and/or background)	Pre-Chorus 2
Can't Feel My Face	Background Vocals,Creatively Sung Vocals,Repeat/Call and Response Vocals,Nonsense Vocals (lead and/or background),Pitch-Processed Vocal	Pre-Chorus 3
Can't Feel My Face	Background Vocals,Creatively Sung Vocals,Repeat/Call and Response Vocals,Nonsense Vocals (lead and/or background)	Chorus 2
Can't Feel My Face	Background Vocals,Creatively Sung Vocals,Repeat/Call and Response Vocals,Nonsense Vocals (lead and/or background)	Chorus 3
Hello	Background Vocals,Creatively Sung Vocals	Pre-Chorus 1
Hello	Background Vocals,Creatively Sung Vocals,Repeat/Call and Response Vocals	Chorus 1
Hello	Background Vocals,Creatively Sung Vocals,Repeat/Call and Response Vocals,Nonsense Vocals (lead and/or background)	Vocal Break 1
Hello	Background Vocals	Pre-Chorus 2
Hello	Background Vocals,Creatively Sung Vocals,Repeat/Call and Response Vocals	Chorus 2
Hello	Background Vocals,Creatively Sung Vocals,Repeat/Call and Response Vocals	Chorus 3
Same Old Love	Background Vocals,Creatively Sung Vocals,Repeat/Call and Response Vocals,Nonsense Vocals (lead and/or background)	Chorus 1
Same Old Love	Background Vocals,Repeat/Call and Response Vocals,Nonsense Vocals (lead and/or background),Pitch-Processed Vocal	Bridge 1
Same Old Love	Background Vocals,Creatively Sung Vocals,Repeat/Call and Response Vocals,Nonsense Vocals (lead and/or background)	Chorus 2
Same Old Love	Background Vocals,Creatively Sung Vocals,Repeat/Call and Response Vocals,Nonsense Vocals (lead and/or background)	Chorus 3
What Do You Mean	Background Vocals,Nonsense Vocals (lead and/or background)	Pre-Chorus 1
What Do You Mean	Repeat/Call and Response Vocals,Nonsense Vocals (lead and/or background)	Chorus 1
What Do You Mean	Background Vocals,Nonsense Vocals (lead and/or background)	Pre-Chorus 2
What Do You Mean	Repeat/Call and Response Vocals,Nonsense Vocals (lead and/or background)	Chorus 2
What Do You Mean	Background Vocals,Creatively Sung Vocals,Repeat/Call and Response Vocals,Nonsense Vocals (lead and/or background)	Chorus 3
Cake By The Ocean	Background Vocals,Nonsense Vocals (lead and/or background)	Intro
Cake By The Ocean	Nonsense Vocals (lead and/or background)	Verse 1
Cake By The Ocean	Background Vocals,Repeat/Call and Response Vocals,Nonsense Vocals (lead and/or background)	Pre-Chorus 1
Cake By The Ocean	Background Vocals,Repeat/Call and Response Vocals,Nonsense Vocals (lead and/or background)	Chorus 1
Cake By The Ocean	Background Vocals,Repeat/Call and Response Vocals,Nonsense Vocals (lead and/or background)	Outro
Cake By The Ocean	Nonsense Vocals (lead and/or background)	Vocal Break 1
Cake By The Ocean	Background Vocals,Repeat/Call and Response Vocals,Nonsense Vocals (lead and/or background)	Verse 2
Cake By The Ocean	Background Vocals,Repeat/Call and Response Vocals,Nonsense Vocals (lead and/or background)	Pre-Chorus 2
Cake By The Ocean	Background Vocals,Repeat/Call and Response Vocals,Nonsense Vocals (lead and/or background),Scream	Chorus 2
Cake By The Ocean	Background Vocals,Repeat/Call and Response Vocals,Nonsense Vocals (lead and/or background)	Chorus 3
Cake By The Ocean	Nonsense Vocals (lead and/or background)	Turnaround 1
Cake By The Ocean	Background Vocals,Nonsense Vocals (lead and/or background),Laugh	Turnaround 2
Me, Myself & I	Background Vocals,Nonsense Vocals (lead and/or background)	Verse 1
Me, Myself & I	Background Vocals,Nonsense Vocals (lead and/or background)	Chorus 1
Me, Myself & I	Background Vocals,Nonsense Vocals (lead and/or background)	Vocal Break 1
Me, Myself & I	Background Vocals,Nonsense Vocals (lead and/or background)	Verse 2
Me, Myself & I	Background Vocals,Repeat/Call and Response Vocals,Nonsense Vocals (lead and/or background)	Chorus 2
Me, Myself & I	Background Vocals,Repeat/Call and Response Vocals,Nonsense Vocals (lead and/or background)	Chorus 3
Me, Myself & I	Background Vocals,Repeat/Call and Response Vocals,Nonsense Vocals (lead and/or background)	Chorus 4
Me, Myself & I	Background Vocals,Nonsense Vocals (lead and/or background)	Vocal Break 2
My House	Background Vocals	Verse 1
My House	Background Vocals,Repeat/Call and Response Vocals	Pre-Chorus 1
My House	Background Vocals,Creatively Sung Vocals,Repeat/Call and Response Vocals,Nonsense Vocals (lead and/or background)	Chorus 1
My House	Background Vocals	Bridge 1
My House	Background Vocals	Verse 2
My House	Background Vocals,Repeat/Call and Response Vocals	Pre-Chorus 2
My House	Background Vocals,Creatively Sung Vocals,Repeat/Call and Response Vocals,Nonsense Vocals (lead and/or background)	Chorus 2
My House	Background Vocals,Creatively Sung Vocals,Repeat/Call and Response Vocals,Nonsense Vocals (lead and/or background)	Chorus 3
Work	Creatively Sung Vocals,Nonsense Vocals (lead and/or background),Pitch-Processed Vocal	Pre-Chorus 1
Work	Background Vocals,Creatively Sung Vocals,Repeat/Call and Response Vocals,Nonsense Vocals (lead and/or background)	Bridge 1
Work	Background Vocals,Creatively Sung Vocals,Repeat/Call and Response Vocals,Nonsense Vocals (lead and/or background),Standout Title Vocal,Pitch-Processed Vocal	Outro
Work	Creatively Sung Vocals,Repeat/Call and Response Vocals,Nonsense Vocals (lead and/or background)	Verse 2
Work	Background Vocals,Creatively Sung Vocals,Repeat/Call and Response Vocals,Standout Title Vocal	Chorus 3
Work	Background Vocals,Creatively Sung Vocals,Repeat/Call and Response Vocals,Standout Title Vocal	Chorus 4
Pillowtalk	Background Vocals,Nonsense Vocals (lead and/or background),Pitch-Processed Vocal	Intro
Pillowtalk	Background Vocals,Nonsense Vocals (lead and/or background)	Verse 1
Pillowtalk	Background Vocals,Repeat/Call and Response Vocals,Nonsense Vocals (lead and/or background)	Pre-Chorus 1
Pillowtalk	Background Vocals,Creatively Sung Vocals,Repeat/Call and Response Vocals,Nonsense Vocals (lead and/or background)	Chorus 1
Pillowtalk	Background Vocals,Repeat/Call and Response Vocals,Nonsense Vocals (lead and/or background)	Vocal Break 1
Pillowtalk	Background Vocals,Nonsense Vocals (lead and/or background)	Verse 2
Pillowtalk	Background Vocals,Nonsense Vocals (lead and/or background)	Pre-Chorus 2
Pillowtalk	Background Vocals,Creatively Sung Vocals,Repeat/Call and Response Vocals,Nonsense Vocals (lead and/or background)	Chorus 2
Pillowtalk	Background Vocals,Creatively Sung Vocals,Repeat/Call and Response Vocals,Nonsense Vocals (lead and/or background)	Chorus 3
Pillowtalk	Background Vocals,Nonsense Vocals (lead and/or background),Pitch-Processed Vocal	Turnaround 1
Roses	Background Vocals	Pre-Chorus 1
Roses	Background Vocals,Nonsense Vocals (lead and/or background)	Inst. Break 1
Roses	Background Vocals,Repeat/Call and Response Vocals,Nonsense Vocals (lead and/or background)	Vocal Break 1
Roses	Background Vocals,Repeat/Call and Response Vocals	Chorus 2
Roses	Nonsense Vocals (lead and/or background)	Inst. Break 2
Roses	Background Vocals,Repeat/Call and Response Vocals,Nonsense Vocals (lead and/or background)	Vocal Break 2
Summer Sixteen	Background Vocals,Repeat/Call and Response Vocals,Nonsense Vocals (lead and/or background)	Verse 2
Stressed Out	Background Vocals,Repeat/Call and Response Vocals,Nonsense Vocals (lead and/or background)	Chorus 1
Stressed Out	Background Vocals,Nonsense Vocals (lead and/or background),Pitch-Processed Vocal	Bridge 1
Stressed Out	Background Vocals,Nonsense Vocals (lead and/or background),Pitch-Processed Vocal	Outro
Stressed Out	Background Vocals,Nonsense Vocals (lead and/or background)	Chorus 2
Stressed Out	Background Vocals,Nonsense Vocals (lead and/or background)	Chorus 3
Piece By Piece	Background Vocals,Nonsense Vocals (lead and/or background)	Pre-Chorus 1
Piece By Piece	Background Vocals,Nonsense Vocals (lead and/or background)	Chorus 1
Piece By Piece	Background Vocals,Repeat/Call and Response Vocals,Nonsense Vocals (lead and/or background)	Outro
Piece By Piece	Background Vocals,Creatively Sung Vocals,Repeat/Call and Response Vocals,Nonsense Vocals (lead and/or background)	Vocal Break 1
Piece By Piece	Background Vocals,Nonsense Vocals (lead and/or background)	Pre-Chorus 2
Piece By Piece	Background Vocals,Nonsense Vocals (lead and/or background)	Chorus 2
Piece By Piece	Background Vocals,Creatively Sung Vocals	Chorus 3
Formation	Background Vocals,Nonsense Vocals (lead and/or background)	Verse 1
Don't Let Me Down	Repeat/Call and Response Vocals,Nonsense Vocals (lead and/or background)	Bridge 1
Don't Let Me Down	Background Vocals,Repeat/Call and Response Vocals,Nonsense Vocals (lead and/or background)	Inst. Break 1
Don't Let Me Down	Background Vocals,Repeat/Call and Response Vocals,Nonsense Vocals (lead and/or background)	Inst. Break 2
This Is What You Came For	Creatively Sung Vocals,Repeat/Call and Response Vocals,Nonsense Vocals (lead and/or background)	Vocal Break 1
This Is What You Came For	Creatively Sung Vocals,Repeat/Call and Response Vocals,Nonsense Vocals (lead and/or background)	Vocal Break 2
This Is What You Came For	Creatively Sung Vocals,Repeat/Call and Response Vocals,Nonsense Vocals (lead and/or background)	Vocal Break 3
This Is What You Came For	Creatively Sung Vocals,Repeat/Call and Response Vocals,Nonsense Vocals (lead and/or background)	Vocal Break 4
Checkbox Test Song 5-9-16	Background Vocals,Creatively Sung Vocals,Repeat/Call and Response Vocals,Nonsense Vocals (lead and/or background)	Intro
Checkbox Test Song 5-9-16	Background Vocals,Creatively Sung Vocals,Repeat/Call and Response Vocals,Nonsense Vocals (lead and/or background)	Verse 1
Checkbox Test Song 5-9-16	Background Vocals,Creatively Sung Vocals,Repeat/Call and Response Vocals,Nonsense Vocals (lead and/or background)	Pre-Chorus 1
Checkbox Test Song 5-9-16	Background Vocals,Creatively Sung Vocals,Repeat/Call and Response Vocals,Nonsense Vocals (lead and/or background)	Chorus 1
Checkbox Test Song 5-9-16	Background Vocals,Creatively Sung Vocals,Repeat/Call and Response Vocals,Nonsense Vocals (lead and/or background),Standout Title Vocal,Laugh,Scream,Narration,Pitch-Processed Vocal	Bridge 1
Checkbox Test Song 5-9-16	Background Vocals,Creatively Sung Vocals,Repeat/Call and Response Vocals,Nonsense Vocals (lead and/or background),Standout Title Vocal,Laugh,Scream,Narration,Pitch-Processed Vocal	Inst. Break 1
Checkbox Test Song 5-9-16	Background Vocals,Creatively Sung Vocals,Repeat/Call and Response Vocals,Nonsense Vocals (lead and/or background)	Vocal Break 1
Checkbox Test Song 5-9-16	Background Vocals,Creatively Sung Vocals,Repeat/Call and Response Vocals,Nonsense Vocals (lead and/or background),Standout Title Vocal,Laugh,Scream,Narration,Pitch-Processed Vocal	Turnaround 1
Test 2 5-10-16	Background Vocals,Creatively Sung Vocals,Repeat/Call and Response Vocals,Nonsense Vocals (lead and/or background)	Vocal Break 1
Can't Stop The Feeling	Repeat/Call and Response Vocals,Nonsense Vocals (lead and/or background)	Intro
Can't Stop The Feeling	Background Vocals,Creatively Sung Vocals,Repeat/Call and Response Vocals,Nonsense Vocals (lead and/or background)	Pre-Chorus 1
Can't Stop The Feeling	Background Vocals,Creatively Sung Vocals,Repeat/Call and Response Vocals,Standout Title Vocal	Chorus 1
Can't Stop The Feeling	Background Vocals,Creatively Sung Vocals,Repeat/Call and Response Vocals,Nonsense Vocals (lead and/or background),Standout Title Vocal	Outro
Can't Stop The Feeling	Background Vocals,Repeat/Call and Response Vocals,Nonsense Vocals (lead and/or background)	Inst. Break 1
Can't Stop The Feeling	Background Vocals,Creatively Sung Vocals,Repeat/Call and Response Vocals	Verse 2
Can't Stop The Feeling	Background Vocals,Creatively Sung Vocals,Repeat/Call and Response Vocals,Nonsense Vocals (lead and/or background)	Pre-Chorus 2
Can't Stop The Feeling	Background Vocals,Creatively Sung Vocals,Repeat/Call and Response Vocals,Nonsense Vocals (lead and/or background),Standout Title Vocal	Chorus 2
Can't Stop The Feeling	Background Vocals,Creatively Sung Vocals,Repeat/Call and Response Vocals,Nonsense Vocals (lead and/or background),Standout Title Vocal	Chorus 3
Needed Me	Background Vocals,Repeat/Call and Response Vocals	Verse 1
Needed Me	Creatively Sung Vocals,Repeat/Call and Response Vocals,Nonsense Vocals (lead and/or background),Standout Title Vocal	Chorus 1
Needed Me	Creatively Sung Vocals,Repeat/Call and Response Vocals,Nonsense Vocals (lead and/or background)	Outro
Needed Me	Background Vocals,Repeat/Call and Response Vocals,Nonsense Vocals (lead and/or background)	Pre-Chorus 2
Needed Me	Background Vocals,Creatively Sung Vocals,Repeat/Call and Response Vocals,Nonsense Vocals (lead and/or background),Standout Title Vocal	Chorus 2
Just Like Fire	Creatively Sung Vocals,Nonsense Vocals (lead and/or background)	Intro
Just Like Fire	Background Vocals,Creatively Sung Vocals,Nonsense Vocals (lead and/or background)	Verse 1
Just Like Fire	Background Vocals,Repeat/Call and Response Vocals,Nonsense Vocals (lead and/or background)	Pre-Chorus 1
Just Like Fire	Background Vocals,Creatively Sung Vocals,Nonsense Vocals (lead and/or background)	Chorus 1
Just Like Fire	Background Vocals,Creatively Sung Vocals,Repeat/Call and Response Vocals	Bridge 1
Just Like Fire	Background Vocals,Creatively Sung Vocals,Nonsense Vocals (lead and/or background)	Verse 2
Just Like Fire	Background Vocals,Repeat/Call and Response Vocals,Nonsense Vocals (lead and/or background)	Pre-Chorus 2
Just Like Fire	Background Vocals,Creatively Sung Vocals,Repeat/Call and Response Vocals,Nonsense Vocals (lead and/or background)	Chorus 2
Just Like Fire	Background Vocals,Creatively Sung Vocals,Repeat/Call and Response Vocals,Nonsense Vocals (lead and/or background)	Chorus 3
Just Like Fire	Nonsense Vocals (lead and/or background)	Turnaround 1
